Sun,Moon,Mercury,Venus,Mars,Jupiter,Saturn,Uranus,Neptune
at 7:09 A.M. Eastern Daylight Time,"11:51 A.M. Eastern Daylight Time on Sunday, March 21, 2021","6:24 A.M. Eastern Daylight Time on Sunday, March 21, 2021","7:14 A.M. Eastern Daylight Time on Sunday, March 21, 2021","10:19 A.M. Eastern Daylight Time on Sunday, March 21, 2021","5:33 A.M. Eastern Daylight Time on Sunday, March 21, 2021","5:02 A.M. Eastern Daylight Time on Sunday, March 21, 2021","8:47 A.M. Eastern Daylight Time on Sunday, March 21, 2021","6:52 A.M. Eastern Daylight Time on Sunday, March 21, 2021"
at 7:07 A.M. Eastern Daylight Time,"12:42 P.M. Eastern Daylight Time on Monday, March 22, 2021","6:24 A.M. Eastern Daylight Time on Monday, March 22, 2021","7:13 A.M. Eastern Daylight Time on Monday, March 22, 2021","10:17 A.M. Eastern Daylight Time on Monday, March 22, 2021","5:30 A.M. Eastern Daylight Time on Monday, March 22, 2021","4:58 A.M. Eastern Daylight Time on Monday, March 22, 2021","8:43 A.M. Eastern Daylight Time on Monday, March 22, 2021","6:48 A.M. Eastern Daylight Time on Monday, March 22, 2021"
at 7:06 A.M. Eastern Daylight Time,"1:41 P.M. Eastern Daylight Time on Tuesday, March 23, 2021","6:24 A.M. Eastern Daylight Time on Tuesday, March 23, 2021","7:12 A.M. Eastern Daylight Time on Tuesday, March 23, 2021","10:16 A.M. Eastern Daylight Time on Tuesday, March 23, 2021","5:27 A.M. Eastern Daylight Time on Tuesday, March 23, 2021","4:55 A.M. Eastern Daylight Time on Tuesday, March 23, 2021","8:39 A.M. Eastern Daylight Time on Tuesday, March 23, 2021","6:44 A.M. Eastern Daylight Time on Tuesday, March 23, 2021"
at 7:05 A.M. Eastern Daylight Time,"2:45 P.M. Eastern Daylight Time on Wednesday, March 24, 2021","6:24 A.M. Eastern Daylight Time on Wednesday, March 24, 2021","7:11 A.M. Eastern Daylight Time on Wednesday, March 24, 2021","10:14 A.M. Eastern Daylight Time on Wednesday, March 24, 2021","5:23 A.M. Eastern Daylight Time on Wednesday, March 24, 2021","4:51 A.M. Eastern Daylight Time on Wednesday, March 24, 2021","8:35 A.M. Eastern Daylight Time on Wednesday, March 24, 2021","6:40 A.M. Eastern Daylight Time on Wednesday, March 24, 2021"
at 7:03 A.M. Eastern Daylight Time,"3:54 P.M. Eastern Daylight Time on Thursday, March 25, 2021","6:24 A.M. Eastern Daylight Time on Thursday, March 25, 2021","7:10 A.M. Eastern Daylight Time on Thursday, March 25, 2021","10:12 A.M. Eastern Daylight Time on Thursday, March 25, 2021","5:20 A.M. Eastern Daylight Time on Thursday, March 25, 2021","4:47 A.M. Eastern Daylight Time on Thursday, March 25, 2021","8:32 A.M. Eastern Daylight Time on Thursday, March 25, 2021","6:36 A.M. Eastern Daylight Time on Thursday, March 25, 2021"
at 7:01 A.M. Eastern Daylight Time,"5:06 P.M. Eastern Daylight Time on Friday, March 26, 2021","6:24 A.M. Eastern Daylight Time on Friday, March 26, 2021","7:09 A.M. Eastern Daylight Time on Friday, March 26, 2021","10:10 A.M. Eastern Daylight Time on Friday, March 26, 2021","5:17 A.M. Eastern Daylight Time on Friday, March 26, 2021","4:44 A.M. Eastern Daylight Time on Friday, March 26, 2021","8:28 A.M. Eastern Daylight Time on Friday, March 26, 2021","6:33 A.M. Eastern Daylight Time on Friday, March 26, 2021"
at 7:00 A.M. Eastern Daylight Time,"6:18 P.M. Eastern Daylight Time on Saturday, March 27, 2021","6:24 A.M. Eastern Daylight Time on Saturday, March 27, 2021","7:08 A.M. Eastern Daylight Time on Saturday, March 27, 2021","10:09 A.M. Eastern Daylight Time on Saturday, March 27, 2021","5:13 A.M. Eastern Daylight Time on Saturday, March 27, 2021","4:40 A.M. Eastern Daylight Time on Saturday, March 27, 2021","8:24 A.M. Eastern Daylight Time on Saturday, March 27, 2021","6:29 A.M. Eastern Daylight Time on Saturday, March 27, 2021"
at 6:58 A.M. Eastern Daylight Time,"7:32 P.M. Eastern Daylight Time on Sunday, March 28, 2021","6:24 A.M. Eastern Daylight Time on Sunday, March 28, 2021","7:07 A.M. Eastern Daylight Time on Sunday, March 28, 2021","10:07 A.M. Eastern Daylight Time on Sunday, March 28, 2021","5:10 A.M. Eastern Daylight Time on Sunday, March 28, 2021","4:36 A.M. Eastern Daylight Time on Sunday, March 28, 2021","8:20 A.M. Eastern Daylight Time on Sunday, March 28, 2021","6:25 A.M. Eastern Daylight Time on Sunday, March 28, 2021"
at 6:56 A.M. Eastern Daylight Time,"8:47 P.M. Eastern Daylight Time on Monday, March 29, 2021","6:24 A.M. Eastern Daylight Time on Monday, March 29, 2021","7:06 A.M. Eastern Daylight Time on Monday, March 29, 2021","10:06 A.M. Eastern Daylight Time on Monday, March 29, 2021","5:07 A.M. Eastern Daylight Time on Monday, March 29, 2021","4:33 A.M. Eastern Daylight Time on Monday, March 29, 2021","8:16 A.M. Eastern Daylight Time on Monday, March 29, 2021","6:21 A.M. Eastern Daylight Time on Monday, March 29, 2021"
at 6:55 A.M. Eastern Daylight Time,"10:02 P.M. Eastern Daylight Time on Tuesday, March 30, 2021","6:24 A.M. Eastern Daylight Time on Tuesday, March 30, 2021","7:05 A.M. Eastern Daylight Time on Tuesday, March 30, 2021","10:04 A.M. Eastern Daylight Time on Tuesday, March 30, 2021","5:03 A.M. Eastern Daylight Time on Tuesday, March 30, 2021","4:29 A.M. Eastern Daylight Time on Tuesday, March 30, 2021","8:13 A.M. Eastern Daylight Time on Tuesday, March 30, 2021","6:17 A.M. Eastern Daylight Time on Tuesday, March 30, 2021"
at 6:53 A.M. Eastern Daylight Time,"11:19 P.M. Eastern Daylight Time on Wednesday, March 31, 2021","6:24 A.M. Eastern Daylight Time on Wednesday, March 31, 2021","7:04 A.M. Eastern Daylight Time on Wednesday, March 31, 2021","10:02 A.M. Eastern Daylight Time on Wednesday, March 31, 2021","5:00 A.M. Eastern Daylight Time on Wednesday, March 31, 2021","4:25 A.M. Eastern Daylight Time on Wednesday, March 31, 2021","8:09 A.M. Eastern Daylight Time on Wednesday, March 31, 2021","6:13 A.M. Eastern Daylight Time on Wednesday, March 31, 2021"
at 6:52 A.M. Eastern Daylight Time,"12:33 A.M. Eastern Daylight Time on Friday, April 2, 2021","6:24 A.M. Eastern Daylight Time on Thursday, April 1, 2021","7:03 A.M. Eastern Daylight Time on Thursday, April 1, 2021","10:01 A.M. Eastern Daylight Time on Thursday, April 1, 2021","4:56 A.M. Eastern Daylight Time on Thursday, April 1, 2021","4:22 A.M. Eastern Daylight Time on Thursday, April 1, 2021","8:05 A.M. Eastern Daylight Time on Thursday, April 1, 2021","6:10 A.M. Eastern Daylight Time on Thursday, April 1, 2021"
at 6:50 A.M. Eastern Daylight Time,"12:33 A.M. Eastern Daylight Time on Friday, April 2, 2021","6:24 A.M. Eastern Daylight Time on Friday, April 2, 2021","7:02 A.M. Eastern Daylight Time on Friday, April 2, 2021","9:59 A.M. Eastern Daylight Time on Friday, April 2, 2021","4:53 A.M. Eastern Daylight Time on Friday, April 2, 2021","4:18 A.M. Eastern Daylight Time on Friday, April 2, 2021","8:01 A.M. Eastern Daylight Time on Friday, April 2, 2021","6:06 A.M. Eastern Daylight Time on Friday, April 2, 2021"
at 6:49 A.M. Eastern Daylight Time,"1:43 A.M. Eastern Daylight Time on Saturday, April 3, 2021","6:24 A.M. Eastern Daylight Time on Saturday, April 3, 2021","7:01 A.M. Eastern Daylight Time on Saturday, April 3, 2021","9:58 A.M. Eastern Daylight Time on Saturday, April 3, 2021","4:50 A.M. Eastern Daylight Time on Saturday, April 3, 2021","4:14 A.M. Eastern Daylight Time on Saturday, April 3, 2021","7:57 A.M. Eastern Daylight Time on Saturday, April 3, 2021","6:02 A.M. Eastern Daylight Time on Saturday, April 3, 2021"
at 6:47 A.M. Eastern Daylight Time,"2:45 A.M. Eastern Daylight Time on Sunday, April 4, 2021","6:25 A.M. Eastern Daylight Time on Sunday, April 4, 2021","7:00 A.M. Eastern Daylight Time on Sunday, April 4, 2021","9:56 A.M. Eastern Daylight Time on Sunday, April 4, 2021","4:46 A.M. Eastern Daylight Time on Sunday, April 4, 2021","4:10 A.M. Eastern Daylight Time on Sunday, April 4, 2021","7:54 A.M. Eastern Daylight Time on Sunday, April 4, 2021","5:58 A.M. Eastern Daylight Time on Sunday, April 4, 2021"
at 6:46 A.M. Eastern Daylight Time,"3:38 A.M. Eastern Daylight Time on Monday, April 5, 2021","6:25 A.M. Eastern Daylight Time on Monday, April 5, 2021","6:59 A.M. Eastern Daylight Time on Monday, April 5, 2021","9:55 A.M. Eastern Daylight Time on Monday, April 5, 2021","4:43 A.M. Eastern Daylight Time on Monday, April 5, 2021","4:07 A.M. Eastern Daylight Time on Monday, April 5, 2021","7:50 A.M. Eastern Daylight Time on Monday, April 5, 2021","5:54 A.M. Eastern Daylight Time on Monday, April 5, 2021"
at 6:44 A.M. Eastern Daylight Time,"4:22 A.M. Eastern Daylight Time on Tuesday, April 6, 2021","6:25 A.M. Eastern Daylight Time on Tuesday, April 6, 2021","6:58 A.M. Eastern Daylight Time on Tuesday, April 6, 2021","9:53 A.M. Eastern Daylight Time on Tuesday, April 6, 2021","4:39 A.M. Eastern Daylight Time on Tuesday, April 6, 2021","4:03 A.M. Eastern Daylight Time on Tuesday, April 6, 2021","7:46 A.M. Eastern Daylight Time on Tuesday, April 6, 2021","5:50 A.M. Eastern Daylight Time on Tuesday, April 6, 2021"
at 6:43 A.M. Eastern Daylight Time,"4:58 A.M. Eastern Daylight Time on Wednesday, April 7, 2021","6:25 A.M. Eastern Daylight Time on Wednesday, April 7, 2021","6:57 A.M. Eastern Daylight Time on Wednesday, April 7, 2021","9:52 A.M. Eastern Daylight Time on Wednesday, April 7, 2021","4:36 A.M. Eastern Daylight Time on Wednesday, April 7, 2021","3:59 A.M. Eastern Daylight Time on Wednesday, April 7, 2021","7:42 A.M. Eastern Daylight Time on Wednesday, April 7, 2021","5:47 A.M. Eastern Daylight Time on Wednesday, April 7, 2021"
at 6:41 A.M. Eastern Daylight Time,"5:29 A.M. Eastern Daylight Time on Thursday, April 8, 2021","6:25 A.M. Eastern Daylight Time on Thursday, April 8, 2021","6:56 A.M. Eastern Daylight Time on Thursday, April 8, 2021","9:50 A.M. Eastern Daylight Time on Thursday, April 8, 2021","4:33 A.M. Eastern Daylight Time on Thursday, April 8, 2021","3:56 A.M. Eastern Daylight Time on Thursday, April 8, 2021","7:39 A.M. Eastern Daylight Time on Thursday, April 8, 2021","5:43 A.M. Eastern Daylight Time on Thursday, April 8, 2021"
at 6:40 A.M. Eastern Daylight Time,"5:56 A.M. Eastern Daylight Time on Friday, April 9, 2021","6:25 A.M. Eastern Daylight Time on Friday, April 9, 2021","6:55 A.M. Eastern Daylight Time on Friday, April 9, 2021","9:49 A.M. Eastern Daylight Time on Friday, April 9, 2021","4:29 A.M. Eastern Daylight Time on Friday, April 9, 2021","3:52 A.M. Eastern Daylight Time on Friday, April 9, 2021","7:35 A.M. Eastern Daylight Time on Friday, April 9, 2021","5:39 A.M. Eastern Daylight Time on Friday, April 9, 2021"
at 6:38 A.M. Eastern Daylight Time,"6:20 A.M. Eastern Daylight Time on Saturday, April 10, 2021","6:26 A.M. Eastern Daylight Time on Saturday, April 10, 2021","6:54 A.M. Eastern Daylight Time on Saturday, April 10, 2021","9:47 A.M. Eastern Daylight Time on Saturday, April 10, 2021","4:26 A.M. Eastern Daylight Time on Saturday, April 10, 2021","3:48 A.M. Eastern Daylight Time on Saturday, April 10, 2021","7:31 A.M. Eastern Daylight Time on Saturday, April 10, 2021","5:35 A.M. Eastern Daylight Time on Saturday, April 10, 2021"
at 6:37 A.M. Eastern Daylight Time,"6:44 A.M. Eastern Daylight Time on Sunday, April 11, 2021","6:26 A.M. Eastern Daylight Time on Sunday, April 11, 2021","6:54 A.M. Eastern Daylight Time on Sunday, April 11, 2021","9:46 A.M. Eastern Daylight Time on Sunday, April 11, 2021","4:22 A.M. Eastern Daylight Time on Sunday, April 11, 2021","3:44 A.M. Eastern Daylight Time on Sunday, April 11, 2021","7:27 A.M. Eastern Daylight Time on Sunday, April 11, 2021","5:31 A.M. Eastern Daylight Time on Sunday, April 11, 2021"
at 6:35 A.M. Eastern Daylight Time,"7:07 A.M. Eastern Daylight Time on Monday, April 12, 2021","6:26 A.M. Eastern Daylight Time on Monday, April 12, 2021","6:53 A.M. Eastern Daylight Time on Monday, April 12, 2021","9:44 A.M. Eastern Daylight Time on Monday, April 12, 2021","4:19 A.M. Eastern Daylight Time on Monday, April 12, 2021","3:41 A.M. Eastern Daylight Time on Monday, April 12, 2021","7:23 A.M. Eastern Daylight Time on Monday, April 12, 2021","5:27 A.M. Eastern Daylight Time on Monday, April 12, 2021"
at 6:34 A.M. Eastern Daylight Time,"7:32 A.M. Eastern Daylight Time on Tuesday, April 13, 2021","6:27 A.M. Eastern Daylight Time on Tuesday, April 13, 2021","6:52 A.M. Eastern Daylight Time on Tuesday, April 13, 2021","9:43 A.M. Eastern Daylight Time on Tuesday, April 13, 2021","4:15 A.M. Eastern Daylight Time on Tuesday, April 13, 2021","3:37 A.M. Eastern Daylight Time on Tuesday, April 13, 2021","7:20 A.M. Eastern Daylight Time on Tuesday, April 13, 2021","5:23 A.M. Eastern Daylight Time on Tuesday, April 13, 2021"
at 6:32 A.M. Eastern Daylight Time,"7:59 A.M. Eastern Daylight Time on Wednesday, April 14, 2021","6:27 A.M. Eastern Daylight Time on Wednesday, April 14, 2021","6:51 A.M. Eastern Daylight Time on Wednesday, April 14, 2021","9:41 A.M. Eastern Daylight Time on Wednesday, April 14, 2021","4:12 A.M. Eastern Daylight Time on Wednesday, April 14, 2021","3:33 A.M. Eastern Daylight Time on Wednesday, April 14, 2021","7:16 A.M. Eastern Daylight Time on Wednesday, April 14, 2021","5:20 A.M. Eastern Daylight Time on Wednesday, April 14, 2021"
at 6:31 A.M. Eastern Daylight Time,"8:29 A.M. Eastern Daylight Time on Thursday, April 15, 2021","6:28 A.M. Eastern Daylight Time on Thursday, April 15, 2021","6:50 A.M. Eastern Daylight Time on Thursday, April 15, 2021","9:40 A.M. Eastern Daylight Time on Thursday, April 15, 2021","4:09 A.M. Eastern Daylight Time on Thursday, April 15, 2021","3:29 A.M. Eastern Daylight Time on Thursday, April 15, 2021","7:12 A.M. Eastern Daylight Time on Thursday, April 15, 2021","5:16 A.M. Eastern Daylight Time on Thursday, April 15, 2021"
at 6:29 A.M. Eastern Daylight Time,"9:04 A.M. Eastern Daylight Time on Friday, April 16, 2021","6:28 A.M. Eastern Daylight Time on Friday, April 16, 2021","6:49 A.M. Eastern Daylight Time on Friday, April 16, 2021","9:39 A.M. Eastern Daylight Time on Friday, April 16, 2021","4:05 A.M. Eastern Daylight Time on Friday, April 16, 2021","3:26 A.M. Eastern Daylight Time on Friday, April 16, 2021","7:08 A.M. Eastern Daylight Time on Friday, April 16, 2021","5:12 A.M. Eastern Daylight Time on Friday, April 16, 2021"
at 6:28 A.M. Eastern Daylight Time,"9:45 A.M. Eastern Daylight Time on Saturday, April 17, 2021","6:29 A.M. Eastern Daylight Time on Saturday, April 17, 2021","6:49 A.M. Eastern Daylight Time on Saturday, April 17, 2021","9:37 A.M. Eastern Daylight Time on Saturday, April 17, 2021","4:02 A.M. Eastern Daylight Time on Saturday, April 17, 2021","3:22 A.M. Eastern Daylight Time on Saturday, April 17, 2021","7:05 A.M. Eastern Daylight Time on Saturday, April 17, 2021","5:08 A.M. Eastern Daylight Time on Saturday, April 17, 2021"
at 6:26 A.M. Eastern Daylight Time,"10:33 A.M. Eastern Daylight Time on Sunday, April 18, 2021","6:30 A.M. Eastern Daylight Time on Sunday, April 18, 2021","6:48 A.M. Eastern Daylight Time on Sunday, April 18, 2021","9:36 A.M. Eastern Daylight Time on Sunday, April 18, 2021","3:58 A.M. Eastern Daylight Time on Sunday, April 18, 2021","3:18 A.M. Eastern Daylight Time on Sunday, April 18, 2021","7:01 A.M. Eastern Daylight Time on Sunday, April 18, 2021","5:04 A.M. Eastern Daylight Time on Sunday, April 18, 2021"
at 6:25 A.M. Eastern Daylight Time,"11:28 A.M. Eastern Daylight Time on Monday, April 19, 2021","6:30 A.M. Eastern Daylight Time on Monday, April 19, 2021","6:47 A.M. Eastern Daylight Time on Monday, April 19, 2021","9:35 A.M. Eastern Daylight Time on Monday, April 19, 2021","3:55 A.M. Eastern Daylight Time on Monday, April 19, 2021","3:14 A.M. Eastern Daylight Time on Monday, April 19, 2021","6:57 A.M. Eastern Daylight Time on Monday, April 19, 2021","5:00 A.M. Eastern Daylight Time on Monday, April 19, 2021"